id_commande;date;heure_de_depart;pickup_lng;pickup_lat;dropoff_lng;dropoff_lat;nbPax;tstype
cmd1;01/01/2013;00:00;-73.99078399999999;40.76088;-73.954185;40.778847;1;pickUpMinDateTime
cmd2;01/01/2013;00:00;-73.989616;40.729988;-74.013779;40.705036;1;pickUpMinDateTime
cmd3;01/01/2013;00:00;-73.981575;40.767632;-73.977737;40.757927;2;pickUpMinDateTime
cmd4;01/01/2013;00:00;-74.00052600000001;40.737343;-73.977226;40.783607;4;pickUpMinDateTime
cmd5;01/01/2013;00:00;-73.955925;40.781887;-73.963181;40.777832000000004;3;pickUpMinDateTime
cmd6;01/01/2013;00:00;-73.99987800000001;40.743342999999996;-74.00370799999999;40.74828;1;pickUpMinDateTime
cmd7;01/01/2013;00:00;-73.98984499999999;40.758041;-73.972008;40.757069;3;pickUpMinDateTime
cmd8;01/01/2013;00:00;-73.870834;40.773769;-73.792358;40.771759;1;pickUpMinDateTime
cmd9;01/01/2013;00:00;-74.006218;40.723797;-73.95837399999999;40.759762;1;pickUpMinDateTime
cmd10;01/01/2013;00:00;-73.976761;40.759190000000004;-73.940315;40.799;1;pickUpMinDateTime
cmd11;01/01/2013;00:00;-73.95411700000001;40.778343;-73.94181800000001;40.795479;2;pickUpMinDateTime
cmd12;01/01/2013;00:00;-74.00173199999999;40.719387;-73.995857;40.748917;2;pickUpMinDateTime
cmd13;01/01/2013;00:00;-73.985603;40.744263000000004;-73.969627;40.757374;4;pickUpMinDateTime
cmd14;01/01/2013;00:00;-73.99613199999999;40.739567;-74.004288;40.750999;3;pickUpMinDateTime
cmd15;01/01/2013;00:00;-73.99295;40.733986;-73.968025;40.680325;1;pickUpMinDateTime
cmd16;01/01/2013;00:00;-73.984871;40.753723;-73.98384899999999;40.754467;1;pickUpMinDateTime
cmd17;01/01/2013;00:00;-73.970512;40.794228000000004;-74.29879;40.987392;2;pickUpMinDateTime
cmd18;01/01/2013;00:00;-73.987488;40.760181;-73.97120699999999;40.75803;1;pickUpMinDateTime
cmd19;01/01/2013;00:00;-73.998581;40.755333;-73.994576;40.760796;1;pickUpMinDateTime
cmd20;01/01/2013;00:00;-74.006355;40.739651;-73.981247;40.738007;1;pickUpMinDateTime
cmd21;01/01/2013;00:00;-74.002998;40.725121;-74.006783;40.741566;1;pickUpMinDateTime
cmd22;01/01/2013;00:00;-73.98670200000001;40.751236;-74.00318100000001;40.72036;2;pickUpMinDateTime
cmd23;01/01/2013;00:00;-73.969841;40.797359;-73.961899;40.812466;1;pickUpMinDateTime
cmd24;01/01/2013;00:00;-73.992195;40.758945000000004;-73.995026;40.750011;2;pickUpMinDateTime
cmd25;01/01/2013;00:00;-73.929344;40.807728000000004;-73.979935;40.740757;2;pickUpMinDateTime
cmd26;01/01/2013;00:00;-73.970428;40.796532;-73.970428;40.796532;1;pickUpMinDateTime
cmd27;01/01/2013;00:00;-73.99781;40.721515999999994;-73.980232;40.751553;1;pickUpMinDateTime
cmd28;01/01/2013;00:00;-73.989349;40.773106;-73.989349;40.773106;1;pickUpMinDateTime
cmd29;01/01/2013;00:00;-74.008217;40.716721;-73.97234300000001;40.753498;1;pickUpMinDateTime
cmd30;01/01/2013;00:00;-73.98613;40.722607;-73.953056;40.771873;3;pickUpMinDateTime
cmd31;01/01/2013;00:00;-73.991325;40.760178;-73.975403;40.755486;1;pickUpMinDateTime
cmd32;01/01/2013;00:00;-73.946136;40.781349;-73.94497700000001;40.790836;1;pickUpMinDateTime
cmd33;01/01/2013;00:00;-73.973;40.79314;-73.981453;40.778465000000004;1;pickUpMinDateTime
cmd34;01/01/2013;00:00;-73.990608;40.734997;-73.989487;40.730323999999996;1;pickUpMinDateTime
cmd35;01/01/2013;00:00;-73.955383;40.779728000000006;-73.96775799999999;40.760326;1;pickUpMinDateTime
cmd36;01/01/2013;00:00;-73.995056;40.760185;-73.96859;40.754954999999995;1;pickUpMinDateTime
cmd37;01/01/2013;00:00;-74.00975;40.706432;-73.971985;40.794715999999994;4;pickUpMinDateTime
cmd38;01/01/2013;00:00;-73.982605;40.756966;-73.947342;40.796516;1;pickUpMinDateTime
cmd39;01/01/2013;00:00;-73.991821;40.695586999999996;-73.99047900000001;40.700699;1;pickUpMinDateTime
cmd40;01/01/2013;00:00;-73.956528;40.716976;-73.96244;40.715008000000005;1;pickUpMinDateTime
cmd41;01/01/2013;00:00;-73.951073;40.778755;-73.816467;40.73904;1;pickUpMinDateTime
cmd42;01/01/2013;00:00;-73.87116999999999;40.773914000000005;-73.805054;40.68121;1;pickUpMinDateTime
cmd43;01/01/2013;00:00;-73.975723;40.781693;-73.96914699999999;40.760975;1;pickUpMinDateTime
cmd44;01/01/2013;00:00;-73.989189;40.741268;-73.980125;40.735119;1;pickUpMinDateTime
cmd45;01/01/2013;00:00;-73.956512;40.717007;-73.98786899999999;40.718632;2;pickUpMinDateTime
cmd46;01/01/2013;00:00;-73.9785;40.741291;-73.976997;40.732452;2;pickUpMinDateTime
cmd47;01/01/2013;00:00;-74.00267;40.734318;-73.983414;40.757236;1;pickUpMinDateTime
cmd48;01/01/2013;00:00;-73.989029;40.733982;-73.978348;40.724926;1;pickUpMinDateTime
cmd49;01/01/2013;00:00;-73.95599399999999;40.719444;-73.906532;40.70047;2;pickUpMinDateTime
cmd50;01/01/2013;00:00;-73.99221;40.725124;-73.991646;40.726658;1;pickUpMinDateTime
cmd51;01/01/2013;00:00;-73.979179;40.740398;-73.988052;40.732304;2;pickUpMinDateTime
cmd52;01/01/2013;00:00;-73.996643;40.732185;-74.001266;40.725452000000004;1;pickUpMinDateTime
cmd53;01/01/2013;00:00;-73.988739;40.718876;-73.97719599999999;40.751961;2;pickUpMinDateTime
cmd54;01/01/2013;00:00;-73.993736;40.752232;-73.99646800000001;40.742965999999996;1;pickUpMinDateTime
cmd55;01/01/2013;00:00;-73.975441;40.749657;-73.977333;40.751991;1;pickUpMinDateTime
cmd56;01/01/2013;00:00;-73.957649;40.717785;-73.966522;40.714657;2;pickUpMinDateTime
cmd57;01/01/2013;00:00;-73.982323;40.768826000000004;-73.94953199999999;40.779476;3;pickUpMinDateTime
cmd58;01/01/2013;00:00;-73.996498;40.737839;-73.986626;40.751373;4;pickUpMinDateTime
cmd59;01/01/2013;00:00;-73.967804;40.756153000000005;-74.00147199999999;40.733807;1;pickUpMinDateTime
cmd60;01/01/2013;00:00;-74.005646;40.726166;-73.991371;40.727367;1;pickUpMinDateTime
cmd61;01/01/2013;00:00;-74.000221;40.725468;-73.982979;40.776855;1;pickUpMinDateTime
cmd62;01/01/2013;00:00;-73.9701;40.768005;-73.96977199999999;40.767834;1;pickUpMinDateTime
cmd63;01/01/2013;00:00;-73.993385;40.752064000000004;-73.916451;40.768929;1;pickUpMinDateTime
cmd64;01/01/2013;00:00;-73.980583;40.769863;-73.878899;40.828575;2;pickUpMinDateTime
cmd65;01/01/2013;00:00;-73.865562;40.771011;-73.979416;40.748825;2;pickUpMinDateTime
cmd66;01/01/2013;00:00;-74.00752299999999;40.711506;-73.93343399999999;40.697865;1;pickUpMinDateTime
cmd67;01/01/2013;00:00;-73.98786899999999;40.724018;-73.869926;40.830921000000004;1;pickUpMinDateTime
cmd68;01/01/2013;00:00;-73.989082;40.74831;-73.990425;40.749916;1;pickUpMinDateTime
cmd69;01/01/2013;00:00;-73.794617;40.657207;-73.794617;40.657207;1;pickUpMinDateTime
cmd70;01/01/2013;00:00;-74.00431800000001;40.752753999999996;-73.994576;40.760803;2;pickUpMinDateTime
cmd71;01/01/2013;00:00;-73.989182;40.744717;-73.983742;40.782036;1;pickUpMinDateTime
cmd72;01/01/2013;00:00;-73.988762;40.731087;-73.98620600000001;40.746574;2;pickUpMinDateTime
cmd73;01/01/2013;00:00;-73.960243;40.775673;-73.983398;40.766819;4;pickUpMinDateTime
cmd74;01/01/2013;00:00;-74.006332;40.712013;-73.988365;40.737559999999995;1;pickUpMinDateTime
cmd75;01/01/2013;00:00;-73.96106;40.765018;-73.97874499999999;40.752563;2;pickUpMinDateTime
cmd76;01/01/2013;00:00;-73.982964;40.742157;-73.99098199999999;40.748726;1;pickUpMinDateTime
cmd77;01/01/2013;00:00;-73.99427;40.756458;-73.964249;40.756935;1;pickUpMinDateTime
cmd78;01/01/2013;00:00;-74.005165;40.720531;-74.003929;40.725654999999996;1;pickUpMinDateTime
cmd79;01/01/2013;00:00;-73.979073;40.74432;-73.976311;40.728676;1;pickUpMinDateTime
cmd80;01/01/2013;00:00;-74.004631;40.746944;-73.915642;40.760651;1;pickUpMinDateTime
cmd81;01/01/2013;00:00;-73.952362;40.786572;-73.938469;40.828808;1;pickUpMinDateTime
cmd82;01/01/2013;00:00;-73.978264;40.745548;-73.952492;40.80014;1;pickUpMinDateTime
cmd83;01/01/2013;00:00;-73.994049;40.718227;-73.987206;40.720482000000004;1;pickUpMinDateTime
cmd84;01/01/2013;00:00;-73.995285;40.739258;-74.011833;40.707699;2;pickUpMinDateTime
cmd85;01/01/2013;00:00;-74.001671;40.729378000000004;-74.006889;40.705479;1;pickUpMinDateTime
cmd86;01/01/2013;00:00;-73.979378;40.746178;-73.97653199999999;40.739509999999996;3;pickUpMinDateTime
cmd87;01/01/2013;00:00;-73.988571;40.764046;-73.991013;40.760773;2;pickUpMinDateTime
cmd88;01/01/2013;00:00;-73.975189;40.792675;-73.992767;40.768612;1;pickUpMinDateTime
cmd89;01/01/2013;00:00;-73.990135;40.738564000000004;-73.98796800000001;40.719944;1;pickUpMinDateTime
cmd90;01/01/2013;00:00;-73.940376;40.750771;-73.97283900000001;40.764633;2;pickUpMinDateTime
cmd91;01/01/2013;00:00;-73.981392;40.768738;-73.971985;40.763271;1;pickUpMinDateTime
cmd92;01/01/2013;00:00;-73.977699;40.783962;-73.949432;40.786137;1;pickUpMinDateTime
cmd93;01/01/2013;00:00;-73.96264599999999;40.767466999999996;-73.954063;40.776943;1;pickUpMinDateTime
cmd94;01/01/2013;00:00;-73.865967;40.770851;-73.938347;40.76059;4;pickUpMinDateTime
cmd95;01/01/2013;00:00;-73.982956;40.738949;-73.781235;40.71452;1;pickUpMinDateTime
cmd96;01/01/2013;00:10;-73.985878;40.746632;-73.99231;40.737946;1;pickUpMinDateTime
cmd97;01/01/2013;00:10;-73.97699;40.78495;-73.977028;40.792679;1;pickUpMinDateTime
cmd98;01/01/2013;00:10;-73.971115;40.765934;-73.95953399999999;40.758877000000005;4;pickUpMinDateTime
cmd99;01/01/2013;00:10;-73.995537;40.754593;-73.98864;40.774094;2;pickUpMinDateTime
cmd100;01/01/2013;00:10;-74.006111;40.723415;-73.965141;40.686752;2;pickUpMinDateTime
cmd101;01/01/2013;00:10;-73.98219300000001;40.751076;-73.963921;40.792221000000005;4;pickUpMinDateTime
cmd102;01/01/2013;00:10;-73.984589;40.742928000000006;-73.963608;40.675621;2;pickUpMinDateTime
cmd103;01/01/2013;00:10;-73.991722;40.750011;-73.99850500000001;40.717242999999996;4;pickUpMinDateTime
cmd104;01/01/2013;00:10;-73.97919499999999;40.753422;-73.948013;40.778713;1;pickUpMinDateTime
cmd105;01/01/2013;00:10;-73.956055;40.76791;-73.956581;40.779064;1;pickUpMinDateTime
cmd106;01/01/2013;00:10;-74.003349;40.732796;-73.986671;40.769283;1;pickUpMinDateTime
cmd107;01/01/2013;00:10;-73.994873;40.755459;-73.986977;40.746346;1;pickUpMinDateTime
cmd108;01/01/2013;00:10;-73.98788499999999;40.718567;-73.98259;40.745441;1;pickUpMinDateTime
cmd109;01/01/2013;00:10;-74.004349;40.742367;-74.014664;40.710861;1;pickUpMinDateTime
cmd110;01/01/2013;00:10;-73.978096;40.783198999999996;-73.976242;40.780918;1;pickUpMinDateTime
cmd111;01/01/2013;00:10;-73.951202;40.777699;-73.989594;40.750595000000004;1;pickUpMinDateTime
cmd112;01/01/2013;00:10;-73.97796600000001;40.745968;-73.954918;40.7775;2;pickUpMinDateTime
cmd113;01/01/2013;00:10;-73.981285;40.732548;-73.956009;40.767853;2;pickUpMinDateTime
cmd114;01/01/2013;00:10;-73.972443;40.751583000000004;-73.96814;40.758967999999996;1;pickUpMinDateTime
cmd115;01/01/2013;00:10;-73.991951;40.759483;-73.965553;40.806228999999995;2;pickUpMinDateTime
cmd116;01/01/2013;00:10;-73.957771;40.77454;-73.975174;40.785221;1;pickUpMinDateTime
cmd117;01/01/2013;00:10;-73.99140899999999;40.737536999999996;-73.98021700000001;40.726440000000004;2;pickUpMinDateTime
cmd118;01/01/2013;00:10;-73.993484;40.721508;-73.996361;40.767288;2;pickUpMinDateTime
cmd119;01/01/2013;00:10;-73.994057;40.751315999999996;-73.99200400000001;40.754397999999995;1;pickUpMinDateTime
cmd120;01/01/2013;00:10;-73.977264;40.77684;-74.015915;40.706558;1;pickUpMinDateTime
cmd121;01/01/2013;00:10;-73.986191;40.730728000000006;-73.930138;40.756771;1;pickUpMinDateTime
cmd122;01/01/2013;00:10;-73.91974599999999;40.74353;-73.907303;40.753242;1;pickUpMinDateTime
cmd123;01/01/2013;00:10;-73.992615;40.728401;-73.957413;40.762653;1;pickUpMinDateTime
cmd124;01/01/2013;00:10;-74.008385;40.725947999999995;-73.990532;40.771519;1;pickUpMinDateTime
cmd125;01/01/2013;00:10;-73.990196;40.731685999999996;-73.995598;40.729939;2;pickUpMinDateTime
cmd126;01/01/2013;00:10;-73.993332;40.724503000000006;-73.991783;40.761486;1;pickUpMinDateTime
cmd127;01/01/2013;00:10;-73.969643;40.785076000000004;-73.98176600000001;40.774547999999996;1;pickUpMinDateTime
cmd128;01/01/2013;00:10;-73.976624;40.747710999999995;-73.96330999999999;40.791946;1;pickUpMinDateTime
cmd129;01/01/2013;00:10;-73.989288;40.731674;-73.97766899999999;40.752056;2;pickUpMinDateTime
cmd130;01/01/2013;00:10;-73.99047900000001;40.738079;-73.98188;40.746323;1;pickUpMinDateTime
cmd131;01/01/2013;00:10;-74.00093100000001;40.720496999999995;-73.95620699999999;40.767658000000004;1;pickUpMinDateTime
cmd132;01/01/2013;00:10;-73.95039399999999;40.771576;-73.948044;40.782112;1;pickUpMinDateTime
cmd133;01/01/2013;00:10;-74.000473;40.727290999999994;-74.000336;40.732642999999996;1;pickUpMinDateTime
cmd134;01/01/2013;00:10;-73.978142;40.783321;-73.95385;40.775391;1;pickUpMinDateTime
cmd135;01/01/2013;00:10;-73.983742;40.743813;-73.980461;40.743481;1;pickUpMinDateTime
cmd136;01/01/2013;00:10;-74.005234;40.720371;-74.00829300000001;40.730339;1;pickUpMinDateTime
cmd137;01/01/2013;00:10;-73.967865;40.765846;-73.957146;40.774623999999996;2;pickUpMinDateTime
cmd138;01/01/2013;00:10;-73.983887;40.743519;-73.928795;40.775622999999996;1;pickUpMinDateTime
cmd139;01/01/2013;00:10;-73.986809;40.747673;-74.004013;40.716961;1;pickUpMinDateTime
cmd140;01/01/2013;00:10;-73.93564599999999;40.696999;-73.969551;40.712891;1;pickUpMinDateTime
cmd141;01/01/2013;00:10;-73.982117;40.768741999999996;-73.946999;40.772518;1;pickUpMinDateTime
cmd142;01/01/2013;00:10;-74.011093;40.709365999999996;-73.96721600000001;40.695683;1;pickUpMinDateTime
cmd143;01/01/2013;00:10;-74.006271;40.741371;-73.974716;40.750805;1;pickUpMinDateTime
cmd144;01/01/2013;00:10;-73.988754;40.722275;-73.984291;40.733356;4;pickUpMinDateTime
cmd145;01/01/2013;00:10;-73.987167;40.73658;-73.976952;40.754044;1;pickUpMinDateTime
cmd146;01/01/2013;00:10;-73.991539;40.726887;-73.977654;40.746342;1;pickUpMinDateTime
cmd147;01/01/2013;00:10;-73.980644;40.759239;-74.00788100000001;40.709072;1;pickUpMinDateTime
cmd148;01/01/2013;00:10;-73.953262;40.782681;-73.965179;40.792792999999996;1;pickUpMinDateTime
cmd149;01/01/2013;00:10;-73.78364599999999;40.648659;-73.978668;40.679127;1;pickUpMinDateTime
cmd150;01/01/2013;00:10;-74.004593;40.730995;-73.996155;40.748531;1;pickUpMinDateTime
cmd151;01/01/2013;00:10;-73.870972;40.773804;-74.00695;40.735065000000006;1;pickUpMinDateTime
cmd152;01/01/2013;00:10;-73.991837;40.754799;-73.973381;40.755210999999996;1;pickUpMinDateTime
cmd153;01/01/2013;00:10;-73.968742;40.764088;-73.951584;40.781292;4;pickUpMinDateTime
cmd154;01/01/2013;00:10;-73.94606;40.7813;-73.902176;40.857639;1;pickUpMinDateTime
cmd155;01/01/2013;00:10;-73.965889;40.765392;-73.963829;40.773994;1;pickUpMinDateTime
cmd156;01/01/2013;00:10;-73.966309;40.804854999999996;-73.991135;40.747982;1;pickUpMinDateTime
cmd157;01/01/2013;00:10;-73.968903;40.764126;-73.948662;40.774014;1;pickUpMinDateTime
cmd158;01/01/2013;00:10;-74.001411;40.751549;-74.008034;40.740356;2;pickUpMinDateTime
cmd159;01/01/2013;00:10;-73.992882;40.763546000000005;-74.000519;40.718292;2;pickUpMinDateTime
cmd160;01/01/2013;00:10;-73.98764;40.732738;-73.960724;40.761322;1;pickUpMinDateTime
cmd161;01/01/2013;00:10;-73.965111;40.755013;-73.965111;40.755013;2;pickUpMinDateTime
cmd162;01/01/2013;00:10;-73.980453;40.738716;-74.004349;40.742515999999995;1;pickUpMinDateTime
cmd163;01/01/2013;00:10;-73.989616;40.771282;-73.985191;40.768634999999996;3;pickUpMinDateTime
cmd164;01/01/2013;00:10;-73.999191;40.728221999999995;-73.936646;40.697765000000004;1;pickUpMinDateTime
cmd165;01/01/2013;00:10;-73.96545400000001;40.774681;-73.962227;40.76786;2;pickUpMinDateTime
cmd166;01/01/2013;00:10;-73.95446;40.764202000000004;-73.976463;40.775517;4;pickUpMinDateTime
cmd167;01/01/2013;00:10;-73.99342299999999;40.728035;-73.956413;40.813351000000004;1;pickUpMinDateTime
cmd168;01/01/2013;00:10;-74.003204;40.720394;-74.00443299999999;40.725567;1;pickUpMinDateTime
cmd169;01/01/2013;00:10;-74.007736;40.740501;-73.970139;40.749790000000004;2;pickUpMinDateTime
cmd170;01/01/2013;00:10;-73.98822;40.734695;-73.986336;40.726504999999996;4;pickUpMinDateTime
cmd171;01/01/2013;00:10;-73.987373;40.750462;-73.991425;40.750359;1;pickUpMinDateTime
cmd172;01/01/2013;00:10;-74.006302;40.739437;-73.955704;40.745987;1;pickUpMinDateTime
cmd173;01/01/2013;00:10;-73.986809;40.76659;-73.99475100000001;40.75555;1;pickUpMinDateTime
cmd174;01/01/2013;00:10;-73.996712;40.715118;-74.007492;40.741013;1;pickUpMinDateTime
cmd175;01/01/2013;00:10;-73.982704;40.727222;-73.999466;40.734161;1;pickUpMinDateTime
cmd176;01/01/2013;00:10;-73.782089;40.644611;-73.982155;40.748871;2;pickUpMinDateTime
cmd177;01/01/2013;00:10;-73.997353;40.762398;-73.93453199999999;40.797371000000005;2;pickUpMinDateTime
cmd178;01/01/2013;00:10;-73.977303;40.747768;-73.957123;40.766197;3;pickUpMinDateTime
cmd179;01/01/2013;00:10;-73.987938;40.769886;-73.95134;40.785969;1;pickUpMinDateTime
cmd180;01/01/2013;00:10;-73.952843;40.7766;-73.95163000000001;40.781696000000004;1;pickUpMinDateTime
cmd181;01/01/2013;00:10;-73.96028100000001;40.766197;-73.99568199999999;40.739391;1;pickUpMinDateTime
cmd182;01/01/2013;00:10;-73.99655899999999;40.722145000000005;-73.95818299999999;40.808868;1;pickUpMinDateTime
cmd183;01/01/2013;00:10;-73.997963;40.736019;-73.954048;40.786057;1;pickUpMinDateTime
cmd184;01/01/2013;00:10;-73.995804;40.741023999999996;-73.914803;40.801479;1;pickUpMinDateTime
cmd185;01/01/2013;00:10;-73.995605;40.764713;-73.995468;40.749779;1;pickUpMinDateTime
cmd186;01/01/2013;00:10;-73.98088100000001;40.742039;-73.991394;40.747234000000006;1;pickUpMinDateTime
cmd187;01/01/2013;00:10;-73.98799100000001;40.764706;-73.987076;40.736557;1;pickUpMinDateTime
cmd188;01/01/2013;00:10;-73.982674;40.741982;-73.981812;40.75156;1;pickUpMinDateTime
cmd189;01/01/2013;00:10;-73.969505;40.769001;-73.98024000000001;40.747196;1;pickUpMinDateTime
cmd190;01/01/2013;00:10;-73.995224;40.728874;-74.000038;40.734909;1;pickUpMinDateTime
cmd191;01/01/2013;00:10;-73.98439;40.767368;-74.003555;40.741901;1;pickUpMinDateTime
cmd192;01/01/2013;00:10;-73.98246;40.768501;-73.975479;40.784512;2;pickUpMinDateTime
cmd193;01/01/2013;00:10;-73.99305;40.741337;-74.012589;40.701569;2;pickUpMinDateTime
cmd194;01/01/2013;00:10;-73.991158;40.685532;-73.932289;40.707851;2;pickUpMinDateTime
cmd195;01/01/2013;00:10;-73.988823;40.670277;-74.00386800000001;40.711781;1;pickUpMinDateTime
cmd196;01/01/2013;00:10;-73.95330799999999;40.775826;-73.953049;40.807564;1;pickUpMinDateTime
cmd197;01/01/2013;00:10;-73.989037;40.752113;-74.001747;40.735626;1;pickUpMinDateTime
cmd198;01/01/2013;00:10;-73.96713299999999;40.756939;-73.968391;40.768082;1;pickUpMinDateTime
cmd199;01/01/2013;00:10;-73.988495;40.734604;-73.999573;40.738724;1;pickUpMinDateTime
cmd200;01/01/2013;00:10;-73.985855;40.7351;-73.996628;40.729584;1;pickUpMinDateTime
cmd201;01/01/2013;00:10;-73.981865;40.752876;-73.990509;40.751228000000005;2;pickUpMinDateTime
cmd202;01/01/2013;00:10;-73.982681;40.731316;-73.988251;40.749317;1;pickUpMinDateTime
cmd203;01/01/2013;00:10;-73.961143;40.71891;-73.99650600000001;40.681090999999995;1;pickUpMinDateTime
cmd204;01/01/2013;00:10;-73.957672;40.770267;-73.977089;40.776756;1;pickUpMinDateTime
cmd205;01/01/2013;00:10;-73.98706800000001;40.766178000000004;-74.006508;40.748627;3;pickUpMinDateTime
cmd206;01/01/2013;00:10;-73.987755;40.752296;-73.991173;40.723521999999996;1;pickUpMinDateTime
cmd207;01/01/2013;00:10;-74.003059;40.720093;-73.959076;40.763683;1;pickUpMinDateTime
cmd208;01/01/2013;00:10;-73.99745899999999;40.721515999999994;-73.952682;40.768337;1;pickUpMinDateTime
cmd209;01/01/2013;00:10;-74.008049;40.717587;-73.984421;40.738583;1;pickUpMinDateTime
cmd210;01/01/2013;00:10;-73.984177;40.729271000000004;-74.00346400000001;40.723929999999996;3;pickUpMinDateTime
cmd211;01/01/2013;00:10;-73.980965;40.744597999999996;-73.992378;40.73558;1;pickUpMinDateTime
cmd212;01/01/2013;00:10;-73.997864;40.716934;-73.99807;40.717003000000005;1;pickUpMinDateTime
cmd213;01/01/2013;00:10;-73.995987;40.753868;-74.01516;40.709816;1;pickUpMinDateTime
cmd214;01/01/2013;00:10;-73.965164;40.755199;-73.95961;40.775253;2;pickUpMinDateTime
cmd215;01/01/2013;00:10;-73.98344399999999;40.730228000000004;-74.001083;40.736408000000004;1;pickUpMinDateTime
cmd216;01/01/2013;00:10;-73.961975;40.77652;-73.951828;40.781227;2;pickUpMinDateTime
cmd217;01/01/2013;00:10;-73.977715;40.757754999999996;-73.973885;40.750595000000004;3;pickUpMinDateTime
cmd218;01/01/2013;00:10;-73.994682;40.725883;-73.95573399999999;40.764389;1;pickUpMinDateTime
cmd219;01/01/2013;00:10;-73.989288;40.731628;-73.962448;40.770603;1;pickUpMinDateTime
cmd220;01/01/2013;00:10;-73.982376;40.771557;-73.971222;40.755257;4;pickUpMinDateTime
cmd221;01/01/2013;00:10;-73.982727;40.772163;-74.002724;40.739437;1;pickUpMinDateTime
cmd222;01/01/2013;00:10;-73.975151;40.787449;-73.950562;40.775726;1;pickUpMinDateTime
cmd223;01/01/2013;00:10;-73.972626;40.785973;-73.98571;40.768024;1;pickUpMinDateTime
cmd224;01/01/2013;00:10;-73.98066700000001;40.753754;-73.99182900000001;40.726551;2;pickUpMinDateTime
cmd225;01/01/2013;00:10;-73.946609;40.785109999999996;-73.953644;40.778690000000005;1;pickUpMinDateTime
cmd226;01/01/2013;00:10;-73.993881;40.76181;-73.962952;40.758389;1;pickUpMinDateTime
cmd227;01/01/2013;00:10;-74.009064;40.725941;-74.003349;40.727016;1;pickUpMinDateTime
cmd228;01/01/2013;00:10;-73.96195999999999;40.763884999999995;-73.948654;40.777966;1;pickUpMinDateTime
cmd229;01/01/2013;00:10;-74.002235;40.726463;-73.981491;40.741161;2;pickUpMinDateTime
cmd230;01/01/2013;00:10;-73.984207;40.775546999999996;-73.972183;40.782291;2;pickUpMinDateTime
cmd231;01/01/2013;00:10;-74.001305;40.742466;-73.946297;40.835564;1;pickUpMinDateTime
cmd232;01/01/2013;00:10;-73.983078;40.730564;-73.985474;40.749912;3;pickUpMinDateTime
cmd233;01/01/2013;00:10;-73.927818;40.744457000000004;-73.952736;40.818084999999996;1;pickUpMinDateTime
cmd234;01/01/2013;00:10;-74.000633;40.730717;-73.973267;40.744144;1;pickUpMinDateTime
cmd235;01/01/2013;00:10;-73.994637;40.761466999999996;-73.982086;40.774658;1;pickUpMinDateTime
cmd236;01/01/2013;00:10;-74.005707;40.740093;-73.99940500000001;40.76059;2;pickUpMinDateTime
cmd237;01/01/2013;00:10;-73.95665;40.76812;-73.97890500000001;40.713665;1;pickUpMinDateTime
cmd238;01/01/2013;00:10;-74.003967;40.742256;-73.985382;40.738953;1;pickUpMinDateTime
cmd239;01/01/2013;00:10;-73.994064;40.751244;-73.980011;40.735088;2;pickUpMinDateTime
cmd240;01/01/2013;00:10;-73.97251899999999;40.746582000000004;-73.957626;40.776218;2;pickUpMinDateTime
cmd241;01/01/2013;00:10;-73.958733;40.763892999999996;-73.96888;40.760940999999995;1;pickUpMinDateTime
cmd242;01/01/2013;00:10;-73.99880999999999;40.763844;-73.977127;40.754397999999995;1;pickUpMinDateTime
cmd243;01/01/2013;00:10;-73.93804899999999;40.796684;-73.94162;40.78764;4;pickUpMinDateTime
cmd244;01/01/2013;00:10;-73.958191;40.710403;-73.958191;40.710403;1;pickUpMinDateTime
cmd245;01/01/2013;00:10;-73.98673199999999;40.766467999999996;-74.01346600000001;40.715576;1;pickUpMinDateTime
cmd246;01/01/2013;00:10;-74.017052;40.709034;-73.98278;40.777096;1;pickUpMinDateTime
cmd247;01/01/2013;00:10;-73.974052;40.787247;-73.975174;40.733067;1;pickUpMinDateTime
cmd248;01/01/2013;00:10;-73.977859;40.739222999999996;-73.970985;40.756725;1;pickUpMinDateTime
cmd249;01/01/2013;00:10;-74.005783;40.712154;-73.98129300000001;40.667625;1;pickUpMinDateTime
cmd250;01/01/2013;00:10;-74.001305;40.744045;-73.982765;40.739407;4;pickUpMinDateTime
cmd251;01/01/2013;00:10;-73.973656;40.762753000000004;-73.973656;40.762753000000004;2;pickUpMinDateTime
cmd252;01/01/2013;00:10;-73.97796600000001;40.753192999999996;-73.97077900000001;40.761616;1;pickUpMinDateTime
cmd253;01/01/2013;00:10;-73.946449;40.776863;-73.963127;40.761738;1;pickUpMinDateTime
cmd254;01/01/2013;00:10;-73.995476;40.764736;-73.979828;40.752491;1;pickUpMinDateTime
cmd255;01/01/2013;00:10;-73.986809;40.730602000000005;-73.986137;40.744946;2;pickUpMinDateTime
cmd256;01/01/2013;00:20;-73.980919;40.688835;-73.996262;40.720290999999996;1;pickUpMinDateTime
cmd257;01/01/2013;00:20;-73.982834;40.73922;-73.980179;40.743095000000004;1;pickUpMinDateTime
cmd258;01/01/2013;00:20;-73.981216;40.779243;-73.867592;40.858971000000004;3;pickUpMinDateTime
cmd259;01/01/2013;00:20;-73.993752;40.75172;-73.99314100000001;40.752106;1;pickUpMinDateTime
cmd260;01/01/2013;00:20;-73.967667;40.758713;-73.975655;40.749103999999996;1;pickUpMinDateTime
cmd261;01/01/2013;00:20;-73.980522;40.742455;-73.992188;40.742661;2;pickUpMinDateTime
cmd262;01/01/2013;00:20;-73.998589;40.743713;-73.960335;40.764736;2;pickUpMinDateTime
cmd263;01/01/2013;00:20;-74.007317;40.732933;-73.973938;40.794247;1;pickUpMinDateTime
cmd264;01/01/2013;00:20;-73.977814;40.778896;-73.95594;40.77219;2;pickUpMinDateTime
cmd265;01/01/2013;00:20;-73.98984499999999;40.758041;-73.98030899999999;40.730495;1;pickUpMinDateTime
cmd266;01/01/2013;00:20;-74.00119000000001;40.736561;-74.013954;40.717686;1;pickUpMinDateTime
cmd267;01/01/2013;00:20;-73.94710500000001;40.784447;-73.98983;40.725731;2;pickUpMinDateTime
cmd268;01/01/2013;00:20;-74.005608;40.726349;-73.99295;40.734058000000005;1;pickUpMinDateTime
cmd269;01/01/2013;00:20;-73.997414;40.719196000000004;-74.00347099999999;40.747425;2;pickUpMinDateTime
cmd270;01/01/2013;00:20;-73.99945799999999;40.731163;-73.95620699999999;40.775776;2;pickUpMinDateTime
cmd271;01/01/2013;00:20;-73.97874499999999;40.747807;-73.98724399999999;40.726864;1;pickUpMinDateTime
cmd272;01/01/2013;00:20;-73.946968;40.780182;-73.923439;40.859589;1;pickUpMinDateTime
cmd273;01/01/2013;00:20;-74.008904;40.718821999999996;-73.959785;40.757248;2;pickUpMinDateTime
cmd274;01/01/2013;00:20;-73.990967;40.750751;-74.00907099999999;40.713196;2;pickUpMinDateTime
cmd275;01/01/2013;00:20;-73.967453;40.792946;-73.941071;40.815907;1;pickUpMinDateTime
cmd276;01/01/2013;00:20;-74.005188;40.715595;-73.989952;40.733711;2;pickUpMinDateTime
cmd277;01/01/2013;00:20;-73.97744;40.726631;-74.00286899999999;40.743896;1;pickUpMinDateTime
cmd278;01/01/2013;00:20;-73.98092700000001;40.680473;-73.96620899999999;40.678074;1;pickUpMinDateTime
cmd279;01/01/2013;00:20;-73.98230699999999;40.757422999999996;-73.97261800000001;40.79332;1;pickUpMinDateTime
cmd280;01/01/2013;00:20;-73.982292;40.771687;-73.970833;40.758559999999996;1;pickUpMinDateTime
cmd281;01/01/2013;00:20;-73.994019;40.741122999999995;-73.994019;40.741122999999995;3;pickUpMinDateTime
cmd282;01/01/2013;00:20;-73.983345;40.771159999999995;-73.98290300000001;40.766715999999995;1;pickUpMinDateTime
cmd283;01/01/2013;00:20;-73.97644;40.750706;-73.991562;40.749008;1;pickUpMinDateTime
cmd284;01/01/2013;00:20;-73.98105600000001;40.749503999999995;-74.00341;40.732665999999995;1;pickUpMinDateTime
cmd285;01/01/2013;00:20;-73.98767099999999;40.724377000000004;-73.934067;40.795517;1;pickUpMinDateTime
cmd286;01/01/2013;00:20;-74.00610400000001;40.735031;-73.97702;40.664581;1;pickUpMinDateTime
cmd287;01/01/2013;00:20;-73.97865300000001;40.758381;-73.98008;40.754329999999996;1;pickUpMinDateTime
cmd288;01/01/2013;00:20;-73.988976;40.718964;-73.945137;40.715923;1;pickUpMinDateTime
cmd289;01/01/2013;00:20;-74.004387;40.742435;-73.993668;40.718078999999996;2;pickUpMinDateTime
cmd290;01/01/2013;00:20;-73.987434;40.775894;-73.891937;40.744694;1;pickUpMinDateTime
cmd291;01/01/2013;00:20;-73.974983;40.757835;-73.95506999999999;40.785995;1;pickUpMinDateTime
cmd292;01/01/2013;00:20;-73.96527900000001;40.759171;-73.975288;40.752098;1;pickUpMinDateTime
cmd293;01/01/2013;00:20;-73.971466;40.762894;-73.944389;40.819401;3;pickUpMinDateTime
cmd294;01/01/2013;00:20;-73.95575;40.776356;-73.954475;40.733074;1;pickUpMinDateTime
cmd295;01/01/2013;00:20;-73.947067;40.776092999999996;-73.957909;40.761269;1;pickUpMinDateTime
cmd296;01/01/2013;00:20;-73.99227900000001;40.684082000000004;-73.97686800000001;40.673431;1;pickUpMinDateTime
cmd297;01/01/2013;00:20;-73.98835799999999;40.734596;-73.917038;40.769816999999996;1;pickUpMinDateTime
cmd298;01/01/2013;00:20;-73.990837;40.734177;-73.998871;40.712696;1;pickUpMinDateTime
cmd299;01/01/2013;00:20;-73.98808299999999;40.748348;-73.98304;40.747696000000005;1;pickUpMinDateTime
cmd300;01/01/2013;00:20;-73.983582;40.743889;-74.010544;40.709152;1;pickUpMinDateTime
cmd301;01/01/2013;00:20;-73.98496999999999;40.728138;-73.924316;40.868412;1;pickUpMinDateTime
cmd302;01/01/2013;00:20;-73.987358;40.735996;-73.970001;40.757038;1;pickUpMinDateTime
cmd303;01/01/2013;00:20;-73.990814;40.718082;-73.974541;40.736343;1;pickUpMinDateTime
cmd304;01/01/2013;00:20;-73.988174;40.734684;-73.92229499999999;40.743435;3;pickUpMinDateTime
cmd305;01/01/2013;00:20;-74.00131999999999;40.731155;-73.971375;40.7644;1;pickUpMinDateTime
cmd306;01/01/2013;00:20;-73.986351;40.772228000000005;-73.985123;40.765137;1;pickUpMinDateTime
cmd307;01/01/2013;00:20;-73.98349;40.752196999999995;-73.983719;40.752289000000005;2;pickUpMinDateTime
cmd308;01/01/2013;00:20;-73.947647;40.775192;-73.98526;40.747913;1;pickUpMinDateTime
cmd309;01/01/2013;00:20;-73.95785500000001;40.765254999999996;-73.95785500000001;40.765254999999996;1;pickUpMinDateTime
cmd310;01/01/2013;00:20;-73.96775799999999;40.765553000000004;-73.95594;40.766059999999996;1;pickUpMinDateTime
cmd311;01/01/2013;00:20;-74.006714;40.719097;-74.00688199999999;40.729519;1;pickUpMinDateTime
cmd312;01/01/2013;00:20;-73.94635;40.777145000000004;-73.95708499999999;40.779243;2;pickUpMinDateTime
cmd313;01/01/2013;00:20;-73.977028;40.751823;-73.97219100000001;40.756939;1;pickUpMinDateTime
cmd314;01/01/2013;00:20;-73.977837;40.745509999999996;-73.99662;40.736996000000005;1;pickUpMinDateTime
cmd315;01/01/2013;00:20;-74.004364;40.742385999999996;-73.995003;40.750095;1;pickUpMinDateTime
cmd316;01/01/2013;00:20;-73.965347;40.711052;-73.960098;40.656406;1;pickUpMinDateTime
cmd317;01/01/2013;00:20;-73.993774;40.757228999999995;-73.990318;40.737476;1;pickUpMinDateTime
cmd318;01/01/2013;00:20;-74.00752299999999;40.743111;-73.993217;40.736649;1;pickUpMinDateTime
cmd319;01/01/2013;00:20;-74.00102199999999;40.729088;-73.950523;40.669739;3;pickUpMinDateTime
cmd320;01/01/2013;00:20;-73.938164;40.796473999999996;-73.93915600000001;40.791016;1;pickUpMinDateTime
cmd321;01/01/2013;00:20;-73.967049;40.77264;-74.000443;40.727493;2;pickUpMinDateTime
cmd322;01/01/2013;00:20;-73.994339;40.752468;-73.967056;40.756889;2;pickUpMinDateTime
cmd323;01/01/2013;00:20;-73.980453;40.730309000000005;-73.98554200000001;40.723782;1;pickUpMinDateTime
cmd324;01/01/2013;00:20;-74.005112;40.719215000000005;-73.84689300000001;40.725338;1;pickUpMinDateTime
cmd325;01/01/2013;00:20;-73.989449;40.720467;-73.987488;40.775883;1;pickUpMinDateTime
cmd326;01/01/2013;00:20;-73.97155;40.78212;-73.95649;40.801613;1;pickUpMinDateTime
cmd327;01/01/2013;00:20;-74.003952;40.752533;-73.991028;40.726867999999996;2;pickUpMinDateTime
cmd328;01/01/2013;00:20;-73.986687;40.726616;-73.951302;40.776821000000005;2;pickUpMinDateTime
cmd329;01/01/2013;00:20;-73.976364;40.719212;-74.004387;40.74736;1;pickUpMinDateTime
cmd330;01/01/2013;00:20;-73.972931;40.764511;-73.984413;40.748676;2;pickUpMinDateTime
cmd331;01/01/2013;00:20;-73.962128;40.810790999999995;-73.949097;40.834274;1;pickUpMinDateTime
cmd332;01/01/2013;00:20;-73.988663;40.722633;-73.990044;40.729403999999995;1;pickUpMinDateTime
cmd333;01/01/2013;00:20;-73.988342;40.764862;-73.989929;40.738811;2;pickUpMinDateTime
cmd334;01/01/2013;00:20;-73.98532900000001;40.731918;-73.951988;40.813881;2;pickUpMinDateTime
cmd335;01/01/2013;00:20;-73.96889499999999;40.786026;-73.963379;40.782059000000004;1;pickUpMinDateTime
cmd336;01/01/2013;00:20;-73.965919;40.758488;-73.92246999999999;40.706340999999995;3;pickUpMinDateTime
cmd337;01/01/2013;00:20;-73.991676;40.735233;-73.93675999999999;40.848888;1;pickUpMinDateTime
cmd338;01/01/2013;00:20;-73.974548;40.759972;-73.979683;40.733021;1;pickUpMinDateTime
cmd339;01/01/2013;00:20;-73.98895999999999;40.763462;-73.970375;40.748084999999996;1;pickUpMinDateTime
cmd340;01/01/2013;00:20;-73.983856;40.749264000000004;-74.004875;40.741631;2;pickUpMinDateTime
cmd341;01/01/2013;00:20;-73.98281899999999;40.742354999999996;-73.999825;40.719291999999996;1;pickUpMinDateTime
cmd342;01/01/2013;00:20;-73.979401;40.784378000000004;-73.976349;40.785872999999995;1;pickUpMinDateTime
cmd343;01/01/2013;00:20;-73.975876;40.788990000000005;-73.962151;40.791503999999996;1;pickUpMinDateTime
cmd344;01/01/2013;00:20;-74.00885799999999;40.728668;-74.00885799999999;40.728668;1;pickUpMinDateTime
cmd345;01/01/2013;00:20;-73.97728000000001;40.776855;-74.004051;40.745239;1;pickUpMinDateTime
cmd346;01/01/2013;00:20;-73.952499;40.744637;-73.924423;40.742905;3;pickUpMinDateTime
cmd347;01/01/2013;00:20;-73.979187;40.760498;-73.977554;40.749413;3;pickUpMinDateTime
cmd348;01/01/2013;00:20;-73.965462;40.771927000000005;-73.950005;40.785488;1;pickUpMinDateTime
cmd349;01/01/2013;00:20;-74.00872;40.716019;-73.998558;40.764084000000004;1;pickUpMinDateTime
cmd350;01/01/2013;00:20;-73.977631;40.753341999999996;-74.00898000000001;40.710991;1;pickUpMinDateTime
cmd351;01/01/2013;00:20;-73.997681;40.761066;-74.011543;40.723606;1;pickUpMinDateTime
cmd352;01/01/2013;00:20;-73.96904;40.790828999999995;-73.97976700000001;40.786415000000005;1;pickUpMinDateTime
cmd353;01/01/2013;00:20;-73.958336;40.713234;-73.93154100000001;40.70533;2;pickUpMinDateTime
cmd354;01/01/2013;00:20;-73.967056;40.772671;-73.98864;40.748497;2;pickUpMinDateTime
cmd355;01/01/2013;00:20;-73.95867199999999;40.714989;-73.97867600000001;40.74601;2;pickUpMinDateTime
cmd356;01/01/2013;00:20;-73.96330999999999;40.757754999999996;-73.922623;40.835857;1;pickUpMinDateTime
cmd357;01/01/2013;00:20;-74.000748;40.735909;-73.96891;40.755108;1;pickUpMinDateTime
cmd358;01/01/2013;00:20;-73.99410999999999;40.726768;-73.99968;40.720371;2;pickUpMinDateTime
cmd359;01/01/2013;00:20;-73.97805;40.757427;-73.96820100000001;40.761311;1;pickUpMinDateTime
cmd360;01/01/2013;00:20;-73.955116;40.765053;-73.83551800000001;40.718708;1;pickUpMinDateTime
cmd361;01/01/2013;00:20;-73.979744;40.77095;-73.97470899999999;40.756538;1;pickUpMinDateTime
cmd362;01/01/2013;00:20;-73.96656800000001;40.784145;-73.985222;40.747913;2;pickUpMinDateTime
cmd363;01/01/2013;00:20;-73.975212;40.758648;-73.962288;40.764687;2;pickUpMinDateTime
cmd364;01/01/2013;00:20;-73.99925999999999;40.72821;-73.97823299999999;40.751148;1;pickUpMinDateTime
cmd365;01/01/2013;00:20;-73.850418;40.83717;-73.850418;40.83717;1;pickUpMinDateTime
cmd366;01/01/2013;00:20;-73.96479000000001;40.76017;-73.985504;40.714493;2;pickUpMinDateTime
cmd367;01/01/2013;00:20;-73.986092;40.726341;-73.95150799999999;40.777325;1;pickUpMinDateTime
cmd368;01/01/2013;00:20;-74.003395;40.719231;-73.99524699999999;40.729832;1;pickUpMinDateTime
cmd369;01/01/2013;00:20;-74.010124;40.705833;-73.97496;40.758846000000005;1;pickUpMinDateTime
cmd370;01/01/2013;00:20;-73.997772;40.736206;-73.968582;40.693123;1;pickUpMinDateTime
cmd371;01/01/2013;00:20;-73.952003;40.716099;-73.992325;40.696938;1;pickUpMinDateTime
cmd372;01/01/2013;00:20;-73.984047;40.770621999999996;-73.957413;40.779990999999995;1;pickUpMinDateTime
cmd373;01/01/2013;00:20;-73.99252299999999;40.749352;-73.95581800000001;40.728596;2;pickUpMinDateTime
cmd374;01/01/2013;00:20;-73.97686800000001;40.791065;-73.976761;40.741917;1;pickUpMinDateTime
cmd375;01/01/2013;00:20;-73.997887;40.756081;-73.988106;40.773926;1;pickUpMinDateTime
cmd376;01/01/2013;00:20;-73.977936;40.763228999999995;-73.98820500000001;40.748211;2;pickUpMinDateTime
cmd377;01/01/2013;00:20;-73.99189;40.755863;-73.985641;40.678447999999996;1;pickUpMinDateTime
cmd378;01/01/2013;00:20;-73.983551;40.726181;-73.98423000000001;40.743176;1;pickUpMinDateTime
cmd379;01/01/2013;00:20;-73.943481;40.709396000000005;-73.962128;40.713303;1;pickUpMinDateTime
cmd380;01/01/2013;00:20;-73.98943299999999;40.719109;-73.969185;40.751083;2;pickUpMinDateTime
cmd381;01/01/2013;00:20;-73.957161;40.768368;-73.957161;40.768368;2;pickUpMinDateTime
cmd382;01/01/2013;00:20;-73.937462;40.701653;-73.951492;40.725555;1;pickUpMinDateTime
cmd383;01/01/2013;00:20;-73.992798;40.737373;-73.985352;40.732494;1;pickUpMinDateTime
cmd384;01/01/2013;00:20;-74.003357;40.722809000000005;-73.97805799999999;40.745708;1;pickUpMinDateTime
cmd385;01/01/2013;00:20;-73.97341899999999;40.763923999999996;-73.96453100000001;40.765682;1;pickUpMinDateTime
cmd386;01/01/2013;00:20;-73.875137;40.773941;-73.979256;40.776848;1;pickUpMinDateTime
cmd387;01/01/2013;00:20;-73.967751;40.757977000000004;-73.99329399999999;40.741486;1;pickUpMinDateTime
cmd388;01/01/2013;00:20;-74.003036;40.728607000000004;-74.01361800000001;40.702343;4;pickUpMinDateTime
cmd389;01/01/2013;00:20;-73.980728;40.729884999999996;-73.953979;40.770668;3;pickUpMinDateTime
cmd390;01/01/2013;00:20;-73.974129;40.79166;-73.978371;40.778071999999995;2;pickUpMinDateTime
cmd391;01/01/2013;00:20;-73.987762;40.765353999999995;-73.946648;40.797543;4;pickUpMinDateTime
cmd392;01/01/2013;00:20;-73.989372;40.688373999999996;-73.980324;40.688148;1;pickUpMinDateTime
cmd393;01/01/2013;00:20;-74.005569;40.720078;-73.998032;40.740406;1;pickUpMinDateTime
cmd394;01/01/2013;00:20;-73.94839499999999;40.782596999999996;-73.977592;40.725871999999995;3;pickUpMinDateTime
cmd395;01/01/2013;00:20;-74.002075;40.726906;-73.975914;40.730312;1;pickUpMinDateTime
cmd396;01/01/2013;00:20;-74.003456;40.732341999999996;-73.95886999999999;40.763878000000005;3;pickUpMinDateTime
cmd397;01/01/2013;00:20;-73.962257;40.810482;-73.974327;40.796585;1;pickUpMinDateTime
cmd398;01/01/2013;00:20;-73.942711;40.831524;-73.948761;40.835365;3;pickUpMinDateTime
cmd399;01/01/2013;00:20;-73.97348000000001;40.763962;-73.979851;40.732624;1;pickUpMinDateTime
cmd400;01/01/2013;00:20;-73.987076;40.729462;-73.936012;40.799427;1;pickUpMinDateTime
cmd401;01/01/2013;00:20;-73.95369699999999;40.770744;-73.974312;40.754124;1;pickUpMinDateTime
cmd402;01/01/2013;00:20;-74.001213;40.731007;-73.96933;40.676829999999995;1;pickUpMinDateTime
cmd403;01/01/2013;00:20;-73.98779300000001;40.749736999999996;-73.957932;40.765282;1;pickUpMinDateTime
cmd404;01/01/2013;00:20;-73.978065;40.743881;-73.990799;40.76572;1;pickUpMinDateTime
cmd405;01/01/2013;00:20;-73.986961;40.739449;-73.95224;40.777248;1;pickUpMinDateTime
cmd406;01/01/2013;00:20;-73.96701;40.772633;-73.95153;40.760227;1;pickUpMinDateTime
cmd407;01/01/2013;00:20;-74.005875;40.736359;-74.011452;40.703209;2;pickUpMinDateTime
cmd408;01/01/2013;00:20;-73.999176;40.733463;-73.984299;40.766541;1;pickUpMinDateTime
cmd409;01/01/2013;00:20;-74.008453;40.74538;-74.000046;40.730545;1;pickUpMinDateTime
cmd410;01/01/2013;00:20;-73.989006;40.723068;-73.959724;40.647339;1;pickUpMinDateTime
cmd411;01/01/2013;00:20;-73.96674300000001;40.788956;-73.959496;40.763477;3;pickUpMinDateTime
cmd412;01/01/2013;00:20;-73.95565;40.764252;-73.982857;40.71085;2;pickUpMinDateTime
cmd413;01/01/2013;00:20;-74.00430300000001;40.716408;-73.992012;40.73859;1;pickUpMinDateTime
cmd414;01/01/2013;00:20;-73.981995;40.771511;-73.957817;40.7813;1;pickUpMinDateTime
cmd415;01/01/2013;00:20;-73.988884;40.736694;-73.963753;40.771229;1;pickUpMinDateTime
cmd416;01/01/2013;00:20;-73.989136;40.721405;-73.977829;40.72554;1;pickUpMinDateTime
cmd417;01/01/2013;00:20;-74.000793;40.730778;-73.97811899999999;40.748463;2;pickUpMinDateTime
cmd418;01/01/2013;00:20;-73.950073;40.780559999999994;-73.996033;40.727676;1;pickUpMinDateTime
cmd419;01/01/2013;00:20;-73.957672;40.717918;-73.992767;40.723442;2;pickUpMinDateTime
cmd420;01/01/2013;00:20;-73.974159;40.747448;-73.97425799999999;40.736999999999995;1;pickUpMinDateTime
cmd421;01/01/2013;00:20;-73.979134;40.675940999999995;-73.987465;40.685547;1;pickUpMinDateTime
cmd422;01/01/2013;00:20;-73.98204;40.77142;-73.971687;40.792187;1;pickUpMinDateTime
cmd423;01/01/2013;00:20;-73.953133;40.776104;-73.953941;40.770367;1;pickUpMinDateTime
cmd424;01/01/2013;00:20;-73.991913;40.759838;-74.01535799999999;40.715855;1;pickUpMinDateTime
cmd425;01/01/2013;00:20;-73.94548;40.807957;-74.008698;40.712897999999996;4;pickUpMinDateTime
cmd426;01/01/2013;00:20;-73.99633;40.716099;-74.001976;40.709419;3;pickUpMinDateTime
cmd427;01/01/2013;00:20;-74.002388;40.733746000000004;-73.991196;40.7281;3;pickUpMinDateTime
cmd428;01/01/2013;00:20;-73.958069;40.779011;-73.989021;40.734921;1;pickUpMinDateTime
cmd429;01/01/2013;00:20;-73.983017;40.738728;-73.973511;40.738098;1;pickUpMinDateTime
cmd430;01/01/2013;00:20;-73.967461;40.75671;-73.94989;40.7761;2;pickUpMinDateTime
cmd431;01/01/2013;00:20;-74.006783;40.735718;-73.994385;40.756149;2;pickUpMinDateTime
cmd432;01/01/2013;00:20;-73.976051;40.776061999999996;-73.97363299999999;40.795509;1;pickUpMinDateTime
cmd433;01/01/2013;00:20;-73.98919699999999;40.743008;-73.940086;40.798878;3;pickUpMinDateTime
cmd434;01/01/2013;00:20;-73.981026;40.779533;-73.970345;40.752445;2;pickUpMinDateTime
cmd435;01/01/2013;00:20;-73.991425;40.723858;-74.006485;40.732872;1;pickUpMinDateTime
cmd436;01/01/2013;00:20;-73.98555;40.73901;-73.960899;40.769958;1;pickUpMinDateTime
cmd437;01/01/2013;00:20;-73.95500200000001;40.765831;-73.966454;40.804379;1;pickUpMinDateTime
cmd438;01/01/2013;00:20;-73.970383;40.789124;-73.978462;40.756912;1;pickUpMinDateTime
cmd439;01/01/2013;00:20;-74.000351;40.742729;-73.962585;40.658809999999995;1;pickUpMinDateTime
cmd440;01/01/2013;00:30;-73.973343;40.752590000000005;-73.992088;40.749187;2;pickUpMinDateTime
cmd441;01/01/2013;00:30;-73.985237;40.735752000000005;-73.991058;40.733437;1;pickUpMinDateTime
cmd442;01/01/2013;00:30;-73.969559;40.757785999999996;-73.966309;40.75642;3;pickUpMinDateTime
cmd443;01/01/2013;00:30;-73.988617;40.731228;-73.97444899999999;40.761395;1;pickUpMinDateTime
cmd444;01/01/2013;00:30;-73.989777;40.747021000000004;-73.99000500000001;40.745888;2;pickUpMinDateTime
cmd445;01/01/2013;00:30;-73.996185;40.738094;-73.947327;40.784046000000004;2;pickUpMinDateTime
cmd446;01/01/2013;00:30;-73.96932199999999;40.785526000000004;-73.958488;40.762234;1;pickUpMinDateTime
cmd447;01/01/2013;00:30;-73.977158;40.73888;-73.985268;40.747692;1;pickUpMinDateTime
cmd448;01/01/2013;00:30;-73.955696;40.772533;-73.971115;40.748451;1;pickUpMinDateTime
cmd449;01/01/2013;00:30;-73.955933;40.776176;-73.94899699999999;40.773445;3;pickUpMinDateTime
cmd450;01/01/2013;00:30;-73.967506;40.760448;-73.951408;40.782429;1;pickUpMinDateTime
cmd451;01/01/2013;00:30;-74.002838;40.723267;-73.986687;40.739777000000004;1;pickUpMinDateTime
cmd452;01/01/2013;00:30;-73.981476;40.778717;-73.980141;40.780701;1;pickUpMinDateTime
cmd453;01/01/2013;00:30;-73.994141;40.76144;-73.98442800000001;40.732986;4;pickUpMinDateTime
cmd454;01/01/2013;00:30;-73.899002;40.675674;-74.003922;40.711803;1;pickUpMinDateTime
cmd455;01/01/2013;00:30;-73.989853;40.72963;-73.967163;40.691715;1;pickUpMinDateTime
cmd456;01/01/2013;00:30;-73.977615;40.762943;-73.971626;40.761875;2;pickUpMinDateTime
cmd457;01/01/2013;00:30;-73.987946;40.749802;-73.978394;40.788078000000006;1;pickUpMinDateTime
cmd458;01/01/2013;00:30;-74.005043;40.72311;-73.979599;40.786460999999996;1;pickUpMinDateTime
cmd459;01/01/2013;00:30;-73.96800999999999;40.679371;-73.935356;40.705601;1;pickUpMinDateTime
cmd460;01/01/2013;00:30;-73.970566;40.762283000000004;-73.99365999999999;40.721503999999996;1;pickUpMinDateTime
cmd461;01/01/2013;00:30;-73.970016;40.765659;-73.953102;40.791022999999996;1;pickUpMinDateTime
cmd462;01/01/2013;00:30;-74.00621;40.709564;-74.004242;40.725147;4;pickUpMinDateTime
cmd463;01/01/2013;00:30;-73.991745;40.744308000000004;-73.948044;40.778728;2;pickUpMinDateTime
cmd464;01/01/2013;00:30;-73.99427800000001;40.755165000000005;-74.00237299999999;40.760517;1;pickUpMinDateTime
cmd465;01/01/2013;00:30;-73.97734799999999;40.755432;-73.96772800000001;40.768840999999995;2;pickUpMinDateTime
cmd466;01/01/2013;00:30;-73.98105600000001;40.774399;-73.952026;40.777119;1;pickUpMinDateTime
cmd467;01/01/2013;00:30;-74.00045;40.72871;-73.99153100000001;40.74884;2;pickUpMinDateTime
cmd468;01/01/2013;00:30;-73.919975;40.766296000000004;-73.99092900000001;40.760963000000004;2;pickUpMinDateTime
cmd469;01/01/2013;00:30;-73.931831;40.7449;-73.9328;40.744308000000004;1;pickUpMinDateTime
cmd470;01/01/2013;00:30;-74.0056;40.740726;-73.948006;40.782928000000005;1;pickUpMinDateTime
cmd471;01/01/2013;00:30;-73.977661;40.734058000000005;-74.00634000000001;40.738186;2;pickUpMinDateTime
cmd472;01/01/2013;00:30;-73.78196700000001;40.644783000000004;-73.93195300000001;40.859531;3;pickUpMinDateTime
cmd473;01/01/2013;00:30;-74.008575;40.713753000000004;-73.95944200000001;40.767604999999996;4;pickUpMinDateTime
cmd474;01/01/2013;00:30;-73.977737;40.783978000000005;-73.927887;40.865326;3;pickUpMinDateTime
cmd475;01/01/2013;00:30;-73.971298;40.761768;-73.971909;40.757099;1;pickUpMinDateTime
cmd476;01/01/2013;00:30;-73.986778;40.729893;-73.993401;40.722167999999996;1;pickUpMinDateTime
cmd477;01/01/2013;00:30;-73.98383299999999;40.743862;-73.99114200000001;40.748847999999995;1;pickUpMinDateTime
cmd478;01/01/2013;00:30;-73.988449;40.748321999999995;-73.983994;40.744896000000004;1;pickUpMinDateTime
cmd479;01/01/2013;00:30;-73.993713;40.751743;-73.965553;40.795471;2;pickUpMinDateTime
cmd480;01/01/2013;00:30;-73.986694;40.725567;-73.979164;40.742142;1;pickUpMinDateTime
cmd481;01/01/2013;00:30;-73.980988;40.781631;-73.98745;40.722649;1;pickUpMinDateTime
cmd482;01/01/2013;00:30;-74.004341;40.742428000000004;-73.95075200000001;40.771545;3;pickUpMinDateTime
cmd483;01/01/2013;00:30;-73.98120899999999;40.741676;-73.99006700000001;40.730415;4;pickUpMinDateTime
cmd484;01/01/2013;00:30;-73.983536;40.738201000000004;-73.97711899999999;40.786079;1;pickUpMinDateTime
cmd485;01/01/2013;00:30;-73.995399;40.759975;-74.00569200000001;40.722099;3;pickUpMinDateTime
cmd486;01/01/2013;00:30;-73.985619;40.718086;-74.00443299999999;40.742416;1;pickUpMinDateTime
cmd487;01/01/2013;00:30;-73.974777;40.749187;-73.974777;40.749187;1;pickUpMinDateTime
cmd488;01/01/2013;00:30;-74.005363;40.725845;-73.997498;40.721924;1;pickUpMinDateTime
cmd489;01/01/2013;00:30;-73.97103100000001;40.751575;-73.96195999999999;40.759731;1;pickUpMinDateTime
cmd490;01/01/2013;00:30;-73.98204;40.776459;-73.816429;40.715176;1;pickUpMinDateTime
cmd491;01/01/2013;00:30;-73.98819;40.734844;-74.000893;40.743889;2;pickUpMinDateTime
cmd492;01/01/2013;00:30;-73.97191600000001;40.75322;-73.97773000000001;40.777122;1;pickUpMinDateTime
cmd493;01/01/2013;00:30;-73.97466999999999;40.763176;-73.99968;40.715179;1;pickUpMinDateTime
cmd494;01/01/2013;00:30;-73.98513;40.752956;-73.96923100000001;40.795807;1;pickUpMinDateTime
cmd495;01/01/2013;00:30;-74.010094;40.704741999999996;-73.950066;40.771267;2;pickUpMinDateTime
cmd496;01/01/2013;00:30;-73.978065;40.765377;-73.982582;40.742611;2;pickUpMinDateTime
cmd497;01/01/2013;00:30;-73.982239;40.771004;-73.987572;40.728687;1;pickUpMinDateTime
cmd498;01/01/2013;00:30;-74.00210600000001;40.739532000000004;-74.00116;40.741524;1;pickUpMinDateTime
cmd499;01/01/2013;00:30;-73.97718;40.751701000000004;-73.96234100000001;40.778728;1;pickUpMinDateTime
cmd500;01/01/2013;00:30;-73.92349200000001;40.866946999999996;-73.936356;40.849655;1;pickUpMinDateTime
cmd501;01/01/2013;00:30;-73.988853;40.74408;-73.973587;40.79472;1;pickUpMinDateTime
cmd502;01/01/2013;00:30;-73.978539;40.745193;-74.007149;40.705441;1;pickUpMinDateTime
cmd503;01/01/2013;00:30;-73.939041;40.797573;-73.96734599999999;40.80122;1;pickUpMinDateTime
cmd504;01/01/2013;00:30;-73.97760799999999;40.788849;-73.984932;40.779274;3;pickUpMinDateTime
cmd505;01/01/2013;00:30;-73.983688;40.739067;-73.99445300000001;40.719246000000005;1;pickUpMinDateTime
cmd506;01/01/2013;00:30;-73.953186;40.807536999999996;-73.968323;40.793217;2;pickUpMinDateTime
cmd507;01/01/2013;00:30;-74.009064;40.725941;-73.956505;40.771397;1;pickUpMinDateTime
cmd508;01/01/2013;00:30;-73.951965;40.781639;-73.951965;40.781639;1;pickUpMinDateTime
cmd509;01/01/2013;00:30;-73.983971;40.721169;-73.980827;40.744403999999996;1;pickUpMinDateTime
cmd510;01/01/2013;00:30;-73.98891400000001;40.717213;-73.980186;40.743294;1;pickUpMinDateTime
cmd511;01/01/2013;00:30;-73.958427;40.772663;-73.988075;40.720015999999994;2;pickUpMinDateTime
cmd512;01/01/2013;00:30;-73.967857;40.793071999999995;-73.968582;40.799171;1;pickUpMinDateTime
cmd513;01/01/2013;00:30;-73.983086;40.726738;-73.975685;40.733212;3;pickUpMinDateTime
cmd514;01/01/2013;00:30;-73.978264;40.72945;-73.976151;40.722183;2;pickUpMinDateTime
cmd515;01/01/2013;00:30;-73.985313;40.753487;-73.979263;40.75087;1;pickUpMinDateTime
cmd516;01/01/2013;00:30;-73.97908000000001;40.740463;-73.99894;40.719994;1;pickUpMinDateTime
cmd517;01/01/2013;00:30;-73.988708;40.746952;-73.96350100000001;40.756042;1;pickUpMinDateTime
cmd518;01/01/2013;00:30;-73.987488;40.738602;-74.003258;40.720417;1;pickUpMinDateTime
cmd519;01/01/2013;00:30;-74.005287;40.740368;-73.983482;40.7262;2;pickUpMinDateTime
cmd520;01/01/2013;00:30;-73.974594;40.761654;-73.98204799999999;40.72401;1;pickUpMinDateTime
cmd521;01/01/2013;00:30;-73.988052;40.740326;-73.988052;40.740326;3;pickUpMinDateTime
cmd522;01/01/2013;00:30;-73.92395;40.807564;-73.908401;40.824635;1;pickUpMinDateTime
cmd523;01/01/2013;00:30;-73.98755600000001;40.732708;-73.990211;40.738651000000004;1;pickUpMinDateTime
cmd524;01/01/2013;00:30;-73.990891;40.745686;-74.005524;40.727115999999995;1;pickUpMinDateTime
cmd525;01/01/2013;00:30;-73.776749;40.645336;-74.010841;40.713356;1;pickUpMinDateTime
cmd526;01/01/2013;00:30;-74.000847;40.742077;-73.95366700000001;40.771152;1;pickUpMinDateTime
cmd527;01/01/2013;00:30;-73.978188;40.671085;-73.981758;40.656113;4;pickUpMinDateTime
cmd528;01/01/2013;00:30;-73.957466;40.782722;-73.954422;40.806595;1;pickUpMinDateTime
cmd529;01/01/2013;00:30;-74.001266;40.746604999999995;-73.986641;40.730011;1;pickUpMinDateTime
cmd530;01/01/2013;00:30;-73.996613;40.742737;-74.001717;40.735516;1;pickUpMinDateTime
cmd531;01/01/2013;00:30;-73.975273;40.683468;-74.00014499999999;40.743008;2;pickUpMinDateTime
cmd532;01/01/2013;00:30;-73.992409;40.724331;-73.988731;40.693439;1;pickUpMinDateTime
cmd533;01/01/2013;00:30;-73.9701;40.749629999999996;-73.9701;40.749629999999996;1;pickUpMinDateTime
cmd534;01/01/2013;00:30;-74.000977;40.676514000000005;-73.955765;40.719696;1;pickUpMinDateTime
cmd535;01/01/2013;00:30;-73.952789;40.772251000000004;-73.948265;40.778412;1;pickUpMinDateTime
cmd536;01/01/2013;00:30;-73.985435;40.739845;-73.977982;40.751934000000006;1;pickUpMinDateTime
cmd537;01/01/2013;00:30;-74.006714;40.730919;-73.982124;40.744198;1;pickUpMinDateTime
cmd538;01/01/2013;00:30;-73.95626800000001;40.767941;-73.965721;40.758686;3;pickUpMinDateTime
cmd539;01/01/2013;00:30;-73.97689799999999;40.79034;-73.985146;40.774322999999995;1;pickUpMinDateTime
cmd540;01/01/2013;00:30;-73.987045;40.718311;-73.98625200000001;40.772166999999996;1;pickUpMinDateTime
cmd541;01/01/2013;00:30;-73.994461;40.690075;-73.94619;40.716537;2;pickUpMinDateTime
cmd542;01/01/2013;00:30;-73.998604;40.751137;-73.993912;40.761906;1;pickUpMinDateTime
cmd543;01/01/2013;00:30;-73.983238;40.744534;-74.000168;40.747704;1;pickUpMinDateTime
cmd544;01/01/2013;00:30;-74.002831;40.744576;-74.004211;40.725574;1;pickUpMinDateTime
cmd545;01/01/2013;00:30;-73.986473;40.718140000000005;-73.964546;40.68293;1;pickUpMinDateTime
cmd546;01/01/2013;00:30;-73.963181;40.758396000000005;-73.972206;40.762386;3;pickUpMinDateTime
cmd547;01/01/2013;00:30;-73.950539;40.721610999999996;-73.950165;40.673656;1;pickUpMinDateTime
cmd548;01/01/2013;00:30;-73.991325;40.770454;-74.007774;40.741943;1;pickUpMinDateTime
cmd549;01/01/2013;00:30;-74.00308199999999;40.744221;-73.987526;40.728836;1;pickUpMinDateTime
cmd550;01/01/2013;00:30;-73.974701;40.761936;-73.964104;40.758053000000004;1;pickUpMinDateTime
cmd551;01/01/2013;00:30;-73.988174;40.728062;-73.998985;40.739204;1;pickUpMinDateTime
cmd552;01/01/2013;00:30;-74.004295;40.725632;-73.984573;40.778090999999996;2;pickUpMinDateTime
cmd553;01/01/2013;00:30;-73.974487;40.765125;-73.984634;40.744556;2;pickUpMinDateTime
cmd554;01/01/2013;00:30;-73.97653199999999;40.790779;-73.978134;40.783015999999996;1;pickUpMinDateTime
cmd555;01/01/2013;00:30;-73.966026;40.764679;-73.949265;40.788540000000005;1;pickUpMinDateTime
cmd556;01/01/2013;00:30;-73.97541;40.747044;-73.990372;40.734653;1;pickUpMinDateTime
cmd557;01/01/2013;00:30;-73.975296;40.749638;-73.870773;40.762157;1;pickUpMinDateTime
cmd558;01/01/2013;00:30;-73.988472;40.734592;-73.97924;40.750816;1;pickUpMinDateTime
cmd559;01/01/2013;00:30;-73.974915;40.748478000000006;-73.939865;40.660637;2;pickUpMinDateTime
cmd560;01/01/2013;00:30;-73.776794;40.645218;-73.82177;40.704921999999996;1;pickUpMinDateTime
cmd561;01/01/2013;00:30;-73.952606;40.772391999999996;-73.97575400000001;40.782066;1;pickUpMinDateTime
cmd562;01/01/2013;00:30;-73.96350100000001;40.716705;-73.99449200000001;40.639275;1;pickUpMinDateTime
cmd563;01/01/2013;00:30;-74.00695;40.735104;-73.989212;40.734146;4;pickUpMinDateTime
cmd564;01/01/2013;00:30;-73.959999;40.781746000000005;-73.96526300000001;40.766098;1;pickUpMinDateTime
cmd565;01/01/2013;00:30;-74.016014;40.711449;-74.002937;40.739948;1;pickUpMinDateTime
cmd566;01/01/2013;00:30;-74.00653100000001;40.744469;-73.994827;40.750362;1;pickUpMinDateTime
cmd567;01/01/2013;00:30;-73.99658199999999;40.737736;-73.985939;40.782913;1;pickUpMinDateTime
cmd568;01/01/2013;00:30;-73.967171;40.76363;-73.980652;40.747917;1;pickUpMinDateTime
cmd569;01/01/2013;00:30;-73.97242;40.786308;-73.98625200000001;40.7673;1;pickUpMinDateTime
cmd570;01/01/2013;00:30;-73.98561099999999;40.738487;-73.95845;40.760329999999996;4;pickUpMinDateTime
cmd571;01/01/2013;00:30;-74.001091;40.739197;-74.00277700000001;40.760769;1;pickUpMinDateTime
cmd572;01/01/2013;00:40;-73.99425500000001;40.752373;-73.948677;40.769779;2;pickUpMinDateTime
cmd573;01/01/2013;00:40;-73.989365;40.740509;-73.998734;40.755123;1;pickUpMinDateTime
cmd574;01/01/2013;00:40;-73.936989;40.801987;-73.941895;40.79829;1;pickUpMinDateTime
cmd575;01/01/2013;00:40;-73.994675;40.755646;-74.00864399999999;40.711208;1;pickUpMinDateTime
cmd576;01/01/2013;00:40;-73.976585;40.754906;-73.984512;40.74844;3;pickUpMinDateTime
cmd577;01/01/2013;00:40;-73.981697;40.759547999999995;-73.990646;40.700478000000004;1;pickUpMinDateTime
cmd578;01/01/2013;00:40;-74.006935;40.741646;-73.97395300000001;40.755299;1;pickUpMinDateTime
cmd579;01/01/2013;00:40;-73.986;40.740204;-73.985107;40.734913;1;pickUpMinDateTime
cmd580;01/01/2013;00:40;-74.006187;40.71698;-73.95343000000001;40.779293;1;pickUpMinDateTime
cmd581;01/01/2013;00:40;-73.957306;40.774196999999994;-73.920311;40.83749;2;pickUpMinDateTime
cmd582;01/01/2013;00:40;-73.98281899999999;40.767136;-73.989304;40.716797;1;pickUpMinDateTime
cmd583;01/01/2013;00:40;-73.956825;40.770737;-73.972397;40.786404;1;pickUpMinDateTime
cmd584;01/01/2013;00:40;-73.95639;40.768021000000005;-73.976311;40.788361;3;pickUpMinDateTime
cmd585;01/01/2013;00:40;-73.99024200000001;40.741951;-73.977852;40.766384;1;pickUpMinDateTime
cmd586;01/01/2013;00:40;-73.871643;40.774105;-73.962761;40.799465000000005;1;pickUpMinDateTime
cmd587;01/01/2013;00:40;-74.009438;40.706261;-73.98275;40.747662;3;pickUpMinDateTime
cmd588;01/01/2013;00:40;-73.95652;40.77129;-74.002998;40.736298;1;pickUpMinDateTime
cmd589;01/01/2013;00:40;-73.961411;40.758186;-73.95084399999999;40.785789;3;pickUpMinDateTime
cmd590;01/01/2013;00:40;-73.992554;40.741093;-73.989098;40.770916;3;pickUpMinDateTime
cmd591;01/01/2013;00:40;-73.989769;40.739124;-73.97116899999999;40.783543;1;pickUpMinDateTime
cmd592;01/01/2013;00:40;-73.985222;40.746399;-73.981323;40.74147;1;pickUpMinDateTime
cmd593;01/01/2013;00:40;-73.98819;40.745838;-73.993324;40.68782;1;pickUpMinDateTime
cmd594;01/01/2013;00:40;-73.971626;40.759547999999995;-73.999565;40.728546;2;pickUpMinDateTime
cmd595;01/01/2013;00:40;-74.00531;40.740196000000005;-73.97893499999999;40.744606;1;pickUpMinDateTime
cmd596;01/01/2013;00:40;-73.960175;40.710388;-73.960411;40.797462;2;pickUpMinDateTime
cmd597;01/01/2013;00:40;-73.97789;40.755096;-73.96453100000001;40.756718;3;pickUpMinDateTime
cmd598;01/01/2013;00:40;-73.981346;40.737334999999995;-73.99515500000001;40.725184999999996;2;pickUpMinDateTime
cmd599;01/01/2013;00:40;-74.005585;40.740189;-73.99571999999999;40.764309000000004;1;pickUpMinDateTime
cmd600;01/01/2013;00:40;-73.941422;40.789257;-73.936111;40.795120000000004;1;pickUpMinDateTime
cmd601;01/01/2013;00:40;-74.003281;40.727112;-73.934158;40.762657;3;pickUpMinDateTime
cmd602;01/01/2013;00:40;-73.98777;40.718540000000004;-74.004341;40.721218;4;pickUpMinDateTime
cmd603;01/01/2013;00:40;-74.014053;40.717701;-74.002686;40.728542;1;pickUpMinDateTime
cmd604;01/01/2013;00:40;-73.95701600000001;40.762347999999996;-73.955925;40.763882;1;pickUpMinDateTime
cmd605;01/01/2013;00:40;-73.97189300000001;40.754669;-73.987053;40.728328999999995;1;pickUpMinDateTime
cmd606;01/01/2013;00:40;-73.969086;40.759811;-73.950745;40.782482;1;pickUpMinDateTime
cmd607;01/01/2013;00:40;-74.00660699999999;40.731747;-73.952744;40.772114;1;pickUpMinDateTime
cmd608;01/01/2013;00:40;-73.95540600000001;40.690841999999996;-73.986237;40.719452000000004;3;pickUpMinDateTime
cmd609;01/01/2013;00:40;-73.984718;40.765026;-74.01061999999999;40.722893;2;pickUpMinDateTime
cmd610;01/01/2013;00:40;-73.980736;40.729884999999996;-74.008278;40.709415;1;pickUpMinDateTime
cmd611;01/01/2013;00:40;-73.970467;40.759056;-73.973434;40.747966999999996;1;pickUpMinDateTime
cmd612;01/01/2013;00:40;-73.949303;40.772678000000006;-73.965599;40.783885999999995;3;pickUpMinDateTime
cmd613;01/01/2013;00:40;-73.947609;40.771206;-73.95719100000001;40.780224;2;pickUpMinDateTime
cmd614;01/01/2013;00:40;-74.007774;40.712482;-73.979973;40.726784;2;pickUpMinDateTime
cmd615;01/01/2013;00:40;-74.00753;40.715343;-73.989159;40.768204;1;pickUpMinDateTime
cmd616;01/01/2013;00:40;-73.963913;40.766171;-73.96985600000001;40.757023;1;pickUpMinDateTime
cmd617;01/01/2013;00:40;-73.941887;40.838387;-73.946075;40.840641;1;pickUpMinDateTime
cmd618;01/01/2013;00:40;-73.980988;40.742962;-74.00625600000001;40.707809000000005;1;pickUpMinDateTime
cmd619;01/01/2013;00:40;-73.965988;40.762115;-73.957413;40.770313;1;pickUpMinDateTime
cmd620;01/01/2013;00:40;-73.933838;40.802544;-73.939453;40.794697;1;pickUpMinDateTime
cmd621;01/01/2013;00:40;-73.917923;40.742867;-73.985046;40.752716;4;pickUpMinDateTime
cmd622;01/01/2013;00:40;-73.991112;40.751166999999995;-73.983086;40.739655;1;pickUpMinDateTime
cmd623;01/01/2013;00:40;-73.980003;40.752392;-73.921059;40.756386;1;pickUpMinDateTime
cmd624;01/01/2013;00:40;-73.91444399999999;40.763657;-73.98313900000001;40.693146;2;pickUpMinDateTime
cmd625;01/01/2013;00:40;-73.981812;40.736912;-73.985069;40.744102000000005;1;pickUpMinDateTime
cmd626;01/01/2013;00:40;-73.95485699999999;40.733734000000005;-73.943771;40.680141;1;pickUpMinDateTime
cmd627;01/01/2013;00:40;-73.985336;40.768723;-74.004341;40.725502;1;pickUpMinDateTime
cmd628;01/01/2013;00:40;-73.984016;40.752354;-73.995667;40.716343;1;pickUpMinDateTime
cmd629;01/01/2013;00:40;-73.929611;40.756817;-73.854698;40.72562;1;pickUpMinDateTime
cmd630;01/01/2013;00:40;-73.954948;40.805225;-73.96563;40.790424;2;pickUpMinDateTime
cmd631;01/01/2013;00:40;-73.993927;40.756865999999995;-73.984352;40.695408;2;pickUpMinDateTime
cmd632;01/01/2013;00:40;-73.984695;40.739609;-73.981003;40.735485;1;pickUpMinDateTime
cmd633;01/01/2013;00:40;-73.967453;40.762749;-73.99616999999999;40.725196999999994;1;pickUpMinDateTime
cmd634;01/01/2013;00:40;-73.989662;40.719158;-73.993576;40.735640999999994;3;pickUpMinDateTime
cmd635;01/01/2013;00:40;-73.981148;40.741627;-73.959198;40.763321000000005;1;pickUpMinDateTime
cmd636;01/01/2013;00:40;-73.965317;40.759483;-73.994362;40.772343;2;pickUpMinDateTime
cmd637;01/01/2013;00:40;-73.988106;40.738632;-73.970894;40.760731;1;pickUpMinDateTime
cmd638;01/01/2013;00:40;-74.008949;40.71386;-74.016518;40.710209000000006;1;pickUpMinDateTime
cmd639;01/01/2013;00:40;-73.924049;40.844898;-73.924049;40.844898;2;pickUpMinDateTime
cmd640;01/01/2013;00:40;-73.96015899999999;40.710503;-73.987915;40.721291;1;pickUpMinDateTime
cmd641;01/01/2013;00:40;-73.99984;40.748539;-74.005104;40.740963;1;pickUpMinDateTime
cmd642;01/01/2013;00:40;-73.964729;40.770126;-73.999825;40.719311;1;pickUpMinDateTime
cmd643;01/01/2013;00:40;-73.95101899999999;40.78281;-73.934166;40.793834999999994;1;pickUpMinDateTime
cmd644;01/01/2013;00:40;-74.00784300000001;40.705528;-73.989143;40.723076;1;pickUpMinDateTime
cmd645;01/01/2013;00:40;-73.97374;40.74398;-73.989288;40.750469;1;pickUpMinDateTime
cmd646;01/01/2013;00:40;-73.984657;40.748329;-73.98082;40.742168;1;pickUpMinDateTime
cmd647;01/01/2013;00:40;-73.976883;40.757542;-73.983467;40.744232000000004;1;pickUpMinDateTime
cmd648;01/01/2013;00:40;-73.992165;40.734543;-73.95546;40.76852;1;pickUpMinDateTime
cmd649;01/01/2013;00:40;-73.98867;40.742912;-73.963287;40.718861;3;pickUpMinDateTime
cmd650;01/01/2013;00:40;-73.96347800000001;40.771060999999996;-73.9645;40.771439;2;pickUpMinDateTime
cmd651;01/01/2013;00:40;-73.988899;40.718876;-74.005371;40.740165999999995;1;pickUpMinDateTime
cmd652;01/01/2013;00:40;-73.95829;40.713398;-73.943489;40.708622;1;pickUpMinDateTime
cmd653;01/01/2013;00:40;-73.989067;40.719035999999996;-73.958031;40.778728;1;pickUpMinDateTime
cmd654;01/01/2013;00:40;-73.98555;40.735264;-73.97627299999999;40.749072999999996;1;pickUpMinDateTime
cmd655;01/01/2013;00:40;-73.989449;40.744816;-73.974274;40.748787;1;pickUpMinDateTime
cmd656;01/01/2013;00:40;-73.967812;40.756031;-73.976776;40.751903999999996;1;pickUpMinDateTime
cmd657;01/01/2013;00:40;-73.966476;40.757782;-73.95871700000001;40.760677;1;pickUpMinDateTime
cmd658;01/01/2013;00:40;-73.967308;40.76347;-73.973106;40.746891;1;pickUpMinDateTime
cmd659;01/01/2013;00:40;-74.004272;40.742447;-73.845993;40.722157;1;pickUpMinDateTime
cmd660;01/01/2013;00:40;-73.993462;40.687599;-73.999298;40.684135;2;pickUpMinDateTime
cmd661;01/01/2013;00:40;-73.95056899999999;40.771190999999995;-73.988396;40.764259;1;pickUpMinDateTime
cmd662;01/01/2013;00:40;-73.987488;40.738602;-74.00239599999999;40.721740999999994;1;pickUpMinDateTime
cmd663;01/01/2013;00:40;-73.96543100000001;40.763313000000004;-73.953552;40.779278000000005;1;pickUpMinDateTime
cmd664;01/01/2013;00:40;-73.77669499999999;40.645367;-73.820961;40.661633;1;pickUpMinDateTime
cmd665;01/01/2013;00:40;-73.961349;40.772621;-73.963608;40.782757000000004;1;pickUpMinDateTime
cmd666;01/01/2013;00:40;-73.983437;40.749996;-73.98026999999999;40.743225;2;pickUpMinDateTime
cmd667;01/01/2013;00:40;-73.790497;40.64629;-73.96588100000001;40.75415;1;pickUpMinDateTime
cmd668;01/01/2013;00:40;-73.976822;40.752106;-74.008904;40.738785;1;pickUpMinDateTime
cmd669;01/01/2013;00:40;-73.92693299999999;40.703742999999996;-73.926979;40.705405999999996;1;pickUpMinDateTime
cmd670;01/01/2013;00:40;-73.98530600000001;40.745449;-73.956688;40.778221;3;pickUpMinDateTime
cmd671;01/01/2013;00:40;-73.988159;40.749984999999995;-74.00235699999999;40.760521000000004;1;pickUpMinDateTime
cmd672;01/01/2013;00:40;-73.979294;40.750069;-73.98305500000001;40.738968;2;pickUpMinDateTime
cmd673;01/01/2013;00:40;-73.95976999999999;40.762707;-73.99270600000001;40.731556;4;pickUpMinDateTime
cmd674;01/01/2013;00:40;-73.959351;40.767662;-73.95585600000001;40.764396999999995;1;pickUpMinDateTime
cmd675;01/01/2013;00:40;-73.969574;40.763465999999994;-73.981995;40.736481;2;pickUpMinDateTime
cmd676;01/01/2013;00:40;-74.016266;40.704754;-74.009804;40.706127;1;pickUpMinDateTime
cmd677;01/01/2013;00:40;-73.990204;40.762405;-74.01451899999999;40.703163;1;pickUpMinDateTime
cmd678;01/01/2013;00:40;-73.960495;40.772346;-73.98648100000001;40.745056;1;pickUpMinDateTime
cmd679;01/01/2013;00:40;-74.006241;40.717232;-73.960052;40.776203;1;pickUpMinDateTime
cmd680;01/01/2013;00:40;-73.990349;40.761551000000004;-73.991249;40.748531;3;pickUpMinDateTime
cmd681;01/01/2013;00:40;-73.95504;40.721416;-73.95459;40.732166;1;pickUpMinDateTime
cmd682;01/01/2013;00:40;-73.97637900000001;40.739723;-73.97216;40.755534999999995;1;pickUpMinDateTime
cmd683;01/01/2013;00:40;-74.007408;40.740066999999996;-73.973175;40.795341;4;pickUpMinDateTime
cmd684;01/01/2013;00:40;-73.967628;40.756264;-73.993622;40.718658000000005;1;pickUpMinDateTime
cmd685;01/01/2013;00:40;-73.9804;40.744267;-73.983994;40.738396;1;pickUpMinDateTime
cmd686;01/01/2013;00:40;-73.95545200000001;40.768688;-73.975044;40.782681;1;pickUpMinDateTime
cmd687;01/01/2013;00:40;-73.975189;40.758331;-73.990639;40.751003000000004;1;pickUpMinDateTime
cmd688;01/01/2013;00:40;-74.00145;40.746323;-74.004829;40.734809999999996;2;pickUpMinDateTime
cmd689;01/01/2013;00:40;-73.965874;40.7742;-73.99153100000001;40.709827000000004;1;pickUpMinDateTime
cmd690;01/01/2013;00:40;-73.87309300000001;40.774109;-73.937607;40.856213000000004;2;pickUpMinDateTime
cmd691;01/01/2013;00:40;-73.94622;40.722015;-73.964943;40.714787;3;pickUpMinDateTime
cmd692;01/01/2013;00:40;-74.003349;40.732571;-73.990341;40.748363;3;pickUpMinDateTime
cmd693;01/01/2013;00:40;-73.97406;40.757591;-73.97983599999999;40.749195;2;pickUpMinDateTime
cmd694;01/01/2013;00:40;-73.985359;40.735931;-74.008041;40.708866;1;pickUpMinDateTime
cmd695;01/01/2013;00:40;-73.986938;40.745289;-73.9842;40.715183;1;pickUpMinDateTime
cmd696;01/01/2013;00:40;-73.95366700000001;40.785216999999996;-73.979996;40.739079;1;pickUpMinDateTime
cmd697;01/01/2013;00:40;-73.95399499999999;40.770790000000005;-74.01155899999999;40.704189;2;pickUpMinDateTime
cmd698;01/01/2013;00:40;-73.98195600000001;40.740696;-73.98249100000001;40.742771000000005;2;pickUpMinDateTime
cmd699;01/01/2013;00:40;-73.991302;40.739212;-73.964371;40.770275;2;pickUpMinDateTime
cmd700;01/01/2013;00:40;-74.013786;40.717678;-73.973404;40.752334999999995;2;pickUpMinDateTime
cmd701;01/01/2013;00:40;-73.920731;40.759884;-73.922218;40.739788;1;pickUpMinDateTime
cmd702;01/01/2013;00:40;-74.002045;40.734955;-73.993332;40.749702;2;pickUpMinDateTime
cmd703;01/01/2013;00:40;-74.007263;40.741768;-73.99274399999999;40.763443;1;pickUpMinDateTime
cmd704;01/01/2013;00:40;-73.98831899999999;40.727878999999994;-74.00685899999999;40.714428000000005;1;pickUpMinDateTime
cmd705;01/01/2013;00:40;-73.96685;40.767254;-73.97734799999999;40.721934999999995;1;pickUpMinDateTime
cmd706;01/01/2013;00:40;-73.980476;40.730442;-73.97538;40.681717;1;pickUpMinDateTime
cmd707;01/01/2013;00:40;-73.978584;40.750126;-74.004745;40.731976;1;pickUpMinDateTime
cmd708;01/01/2013;00:40;-74.00695;40.735104;-73.983322;40.726517;3;pickUpMinDateTime
cmd709;01/01/2013;00:40;-73.987411;40.733364;-73.925812;40.824375;1;pickUpMinDateTime
cmd710;01/01/2013;00:40;-73.970978;40.761585;-73.979591;40.749603;1;pickUpMinDateTime
cmd711;01/01/2013;00:40;-73.998947;40.742233;-74.006264;40.743839;1;pickUpMinDateTime
cmd712;01/01/2013;00:40;-73.968102;40.755417;-73.985199;40.744686;1;pickUpMinDateTime
cmd713;01/01/2013;00:40;-73.968498;40.762661;-73.861977;40.768528;2;pickUpMinDateTime
cmd714;01/01/2013;00:40;-73.988182;40.734516;-73.80589300000001;40.796238;4;pickUpMinDateTime
cmd715;01/01/2013;00:40;-73.978546;40.754326;-73.950287;40.772308;1;pickUpMinDateTime
cmd716;01/01/2013;00:40;-73.95856500000001;40.778434999999995;-73.971901;40.762211;1;pickUpMinDateTime
cmd717;01/01/2013;00:40;-73.992409;40.769909000000006;-73.961884;40.662327000000005;1;pickUpMinDateTime
cmd718;01/01/2013;00:40;-73.98563399999999;40.726933;-73.975876;40.740662;1;pickUpMinDateTime
cmd719;01/01/2013;00:40;-73.941223;40.712959000000005;-73.970848;40.713257;1;pickUpMinDateTime
cmd720;01/01/2013;00:40;-73.977928;40.786903;-73.982185;40.775303;1;pickUpMinDateTime
cmd721;01/01/2013;00:40;-73.951561;40.799656;-73.961113;40.811878;1;pickUpMinDateTime
cmd722;01/01/2013;00:40;-73.94799;40.778853999999995;-73.94768499999999;40.775215;1;pickUpMinDateTime
cmd723;01/01/2013;00:40;-73.98490100000001;40.724292999999996;-73.98140699999999;40.728951;3;pickUpMinDateTime
cmd724;01/01/2013;00:40;-73.95405600000001;40.773003;-73.98037;40.739326;2;pickUpMinDateTime
cmd725;01/01/2013;00:40;-73.950218;40.779942;-73.984451;40.748196;1;pickUpMinDateTime
cmd726;01/01/2013;00:40;-73.976906;40.784946000000005;-73.998695;40.74612;1;pickUpMinDateTime
cmd727;01/01/2013;00:40;-74.004051;40.747871;-73.98048399999999;40.748604;1;pickUpMinDateTime
cmd728;01/01/2013;00:40;-73.972092;40.762276;-73.937729;40.824417;1;pickUpMinDateTime
cmd729;01/01/2013;00:40;-73.99114200000001;40.726875;-73.94858599999999;40.773815;1;pickUpMinDateTime
cmd730;01/01/2013;00:40;-73.98541999999999;40.747704;-74.028976;40.621528999999995;1;pickUpMinDateTime
cmd731;01/01/2013;00:40;-73.969719;40.797451;-73.907249;40.902081;1;pickUpMinDateTime
cmd732;01/01/2013;00:40;-74.01406899999999;40.706036;-74.008163;40.705807;1;pickUpMinDateTime
cmd733;01/01/2013;00:40;-73.983337;40.776084999999995;-73.95728299999999;40.785751;1;pickUpMinDateTime
cmd734;01/01/2013;00:40;-73.993652;40.720901;-73.991959;40.764381;2;pickUpMinDateTime
cmd735;01/01/2013;00:40;-73.864899;40.770610999999995;-73.94091;40.827744;1;pickUpMinDateTime
cmd736;01/01/2013;00:40;-73.999466;40.745739;-73.974648;40.650504999999995;1;pickUpMinDateTime
cmd737;01/01/2013;00:40;-73.980827;40.729729;-74.010246;40.704772999999996;1;pickUpMinDateTime
cmd738;01/01/2013;00:40;-73.961533;40.774456;-73.95259899999999;40.772442;1;pickUpMinDateTime
cmd739;01/01/2013;00:40;-73.97949200000001;40.77766;-73.95519300000001;40.769932;1;pickUpMinDateTime
cmd740;01/01/2013;00:40;-73.94931;40.784309;-73.97689100000001;40.750225;1;pickUpMinDateTime
cmd741;01/01/2013;00:40;-73.953056;40.778209999999994;-73.984955;40.739277;1;pickUpMinDateTime
cmd742;01/01/2013;00:40;-73.9944;40.757507000000004;-74.000389;40.7183;1;pickUpMinDateTime
cmd743;01/01/2013;00:40;-73.98318499999999;40.722626;-74.002876;40.740821999999994;2;pickUpMinDateTime
cmd744;01/01/2013;00:40;-73.976936;40.683975;-73.786568;40.667667;1;pickUpMinDateTime
cmd745;01/01/2013;00:40;-74.010513;40.718937;-73.939079;40.825996;2;pickUpMinDateTime
cmd746;01/01/2013;00:40;-73.944099;40.711658;-73.949326;40.704929;2;pickUpMinDateTime
cmd747;01/01/2013;00:40;-74.003098;40.733311;-73.987625;40.732867999999996;1;pickUpMinDateTime
cmd748;01/01/2013;00:40;-74.011124;40.715557000000004;-74.011398;40.708977000000004;2;pickUpMinDateTime
cmd749;01/01/2013;00:40;-73.947845;40.77515;-73.987579;40.732535999999996;1;pickUpMinDateTime
cmd750;01/01/2013;00:40;-73.980255;40.754421;-74.017403;40.70953;4;pickUpMinDateTime